sku,forecasted_sales
SKU0,467.95216581115807
SKU1,467.95216581115807
SKU2,467.95216581115807
SKU3,467.95216581115807
SKU4,467.95216581115807
SKU5,467.95216581115807
SKU6,467.95216581115807
SKU7,467.95216581115807
SKU8,467.95216581115807
SKU9,467.95216581115807
