order_type,number_of_products_sold,availability,revenue_generated,lead_time,defect_rates
Domestic,23903,2849,302772.2408551582,16.69811320754717,2.3373623651646023
Export,22196,1991,274832.5778828505,17.51063829787234,2.2092679557497252
